{
    "train_loss": [
        0.39029920581848393,
        0.38563202357580584,
        0.38159568523687704,
        0.3806579207941409,
        0.3802173701265166
    ],
    "train_iou": [
        0.03933801103315963,
        0.04830962301775884,
        0.049021594114146715,
        0.04961837233665097,
        0.0530917546888802
    ],
    "val_loss": [
        0.3856623881766873,
        0.37876766463441236,
        0.37982046063388547,
        0.3785693287368744,
        0.38465695924335913
    ],
    "val_iou": [
        0.04437761886049515,
        0.0590862989053441,
        0.054277056064823775,
        0.05252614244237622,
        0.057400143451627514
    ],
    "active_classes": [
        4,
        4,
        4,
        4,
        4
    ],
    "lr": [
        9.999999999999999e-05,
        0.00015,
        0.00015,
        0.00015,
        0.000149861870989979
    ]
}