{
    "train_loss": [
        0.3030690958182658,
        0.3006516705837942,
        0.3002745390178696,
        0.2994929161523619,
        0.2991422154009342
    ],
    "train_iou": [
        0.041943155914817364,
        0.049791888920787515,
        0.04975260258014142,
        0.05017250996339178,
        0.051019925658189004
    ],
    "val_loss": [
        0.3044004211983373,
        0.29774941804428257,
        0.29889742717627554,
        0.2986495141540804,
        0.2979914639745989
    ],
    "val_iou": [
        0.04784004666960168,
        0.05909808891276146,
        0.05987064504296122,
        0.05648248648841794,
        0.06115833639310503
    ],
    "active_classes": [
        6,
        5,
        5,
        5,
        4
    ],
    "lr": [
        9.999999999999999e-05,
        0.00015,
        0.00015,
        0.00015,
        0.000149861870989979
    ]
}