{
    "train_loss": [
        0.02733792864432138,
        0.025705964589912082,
        0.025315398316560014,
        0.025366559466947953,
        0.02515668557551239,
        0.02517237160505066,
        0.025017713391852957,
        0.024979666085733522,
        0.02498142635675087,
        0.024964680786304656,
        0.024940204581305865,
        0.024700297072770133,
        0.024740259519838277,
        0.0246794022199127,
        0.024711748540040948,
        0.024651208306632696,
        0.0246599655665998,
        0.024511147478234865,
        0.02451233109909921,
        0.024478081549938406,
        0.02447436616245297,
        0.024331951491354455,
        0.02442790084563556,
        0.024313475572383933,
        0.024219948497991407,
        0.024129810442607248,
        0.024174876909162247,
        0.024112748132357673,
        0.02420547305636348,
        0.024274084011032697,
        0.024246240751968035,
        0.024086968096408753,
        0.024057250834190316,
        0.024163690872580534,
        0.0239050654288862,
        0.02391087889461027,
        0.02371896333211372,
        0.023793586060374735,
        0.023980970261618495,
        0.02393539344906927,
        0.02380043092829686,
        0.02355587520005722,
        0.023552384910984867,
        0.02338515176257539,
        0.02320152268023981,
        0.023450538362075966,
        0.02336483100999988,
        0.023219265449311462,
        0.023033747070228622,
        0.023374725715257227
    ],
    "train_iou": [
        0.03279685078132847,
        0.03645560132348134,
        0.03763305250482662,
        0.035516422689467565,
        0.03807702673599052,
        0.03617382975576391,
        0.036903025362514254,
        0.02913701675453438,
        0.03768134492467227,
        0.040730836426461026,
        0.037578267088476454,
        0.03982086018425835,
        0.04436362513945277,
        0.04440644427111317,
        0.038020411702707556,
        0.046396592156145056,
        0.039677902956097695,
        0.04180606819182586,
        0.05008746976401927,
        0.047934357527746364,
        0.04554427776723946,
        0.047675548369952324,
        0.04776716756074962,
        0.04839583756166949,
        0.05008331489635586,
        0.046541026561457755,
        0.04986776376508122,
        0.04866430963683415,
        0.04869634632888578,
        0.04782345128513383,
        0.05174466483602095,
        0.04909012690916515,
        0.05334247928763877,
        0.052785405061756274,
        0.052681174090067416,
        0.04967690079436173,
        0.050629644553887354,
        0.05112457455863223,
        0.05058757074447623,
        0.04780433351138569,
        0.04888065342606934,
        0.05087854830476129,
        0.0508066891048346,
        0.052077121655205734,
        0.05233291838250761,
        0.05077689753540873,
        0.05039039025228778,
        0.05050725262116912,
        0.05261716916018432,
        0.050732680368661354
    ],
    "val_loss": [
        0.025666298994403935,
        0.02531003305358031,
        0.025076119815029444,
        0.02497288145710744,
        0.02555968362702838,
        0.024843829841683467,
        0.02475095864370345,
        0.024822650086735527,
        0.024813387910985658,
        0.024736407100253047,
        0.024720471521328773,
        0.024532648854919018,
        0.024658032580308856,
        0.024457493616688634,
        0.02460925228848693,
        0.027600286697458114,
        0.024728795644947357,
        0.024380102306754598,
        0.02487878523196184,
        0.02586048682625856,
        0.02434299290255313,
        0.024235806600641337,
        0.024183933525496432,
        0.02434917786459048,
        0.02575837292768542,
        0.025818162011883913,
        0.023863034904934466,
        0.027011294237097666,
        0.03064752107996854,
        0.024481938780105163,
        0.028463515817307897,
        0.024033963398617363,
        0.023739198110096397,
        0.024405999026531653,
        0.02338401474914844,
        0.02364294565913658,
        0.023981057873536504,
        0.024363309539283715,
        0.023344546338663466,
        0.024264758910923716,
        0.023497597318172695,
        0.02310700218508681,
        0.02320497439453198,
        0.02316790416596397,
        0.023324066254821037,
        0.023276716966422334,
        0.02303877989611318,
        0.0227735108027475,
        0.02279710113596652,
        0.022658130653472917
    ],
    "val_iou": [
        0.03813191285276644,
        0.043607300474422225,
        0.038870329471217005,
        0.047219118237540096,
        0.0374505174826579,
        0.04340951669897465,
        0.04261809176973836,
        0.047914652244857095,
        0.022878825327009716,
        0.048643035707255616,
        0.038940297574088095,
        0.05477677089891096,
        0.022236734712993488,
        0.046458792681254774,
        0.052000238808920095,
        0.05129637111640074,
        0.04690197778635154,
        0.05184570805920395,
        0.05321947404285735,
        0.04418930290359338,
        0.04359882036719087,
        0.0515032594170216,
        0.049759699262644556,
        0.05283294644904752,
        0.04775461026460538,
        0.05055483290701348,
        0.05646706743322743,
        0.04220160473610697,
        0.04280089617400808,
        0.056378366326840845,
        0.04827653942734313,
        0.056860561147914955,
        0.054395864261322396,
        0.0579600966142698,
        0.054564970635431025,
        0.0525260102241423,
        0.057426586936131035,
        0.056121375849678586,
        0.05312256014947667,
        0.05239768300834018,
        0.05429979698274954,
        0.05677699882183621,
        0.057218117860468265,
        0.058680295894676396,
        0.05587417473824193,
        0.05421296959880169,
        0.05508700246707611,
        0.056214153028978676,
        0.056528846419329384,
        0.057936968463732544
    ],
    "active_classes": [
        7,
        8,
        8,
        7,
        8,
        7,
        7,
        7,
        8,
        6,
        6,
        8,
        7,
        6,
        6,
        7,
        5,
        6,
        6,
        7,
        7,
        6,
        7,
        6,
        6,
        6,
        6,
        7,
        6,
        6,
        6,
        6,
        6,
        7,
        7,
        7,
        7,
        7,
        7,
        7,
        7,
        7,
        7,
        7,
        7,
        7,
        8,
        8,
        8,
        8
    ],